date,covid,wuhan virus,china virus
2020-01-01,0.0,0.0,0.0
2020-01-02,0.0,0.0,0.0
2020-01-03,0.0,0.0,0.0
2020-01-04,0.0,0.0,0.0
2020-01-05,0.0,0.0,0.14285714285714285
2020-01-06,0.0,0.2857142857142857,0.14285714285714285
2020-01-07,0.0,0.5714285714285714,0.14285714285714285
2020-01-08,0.0,0.8571428571428571,0.2857142857142857
2020-01-09,0.0,0.8571428571428571,0.2857142857142857
2020-01-10,0.0,0.8571428571428571,0.2857142857142857
2020-01-11,0.0,1.0,0.2857142857142857
2020-01-12,0.0,1.0,0.14285714285714285
2020-01-13,0.0,0.7142857142857143,0.2857142857142857
2020-01-14,0.0,0.42857142857142855,0.2857142857142857
2020-01-15,0.0,2.0,0.2857142857142857
2020-01-16,0.0,2.2857142857142856,0.2857142857142857
2020-01-17,0.0,3.4285714285714284,0.5714285714285714
2020-01-18,0.0,5.857142857142857,4.428571428571429
2020-01-19,0.0,10.0,6.571428571428571
2020-01-20,0.0,13.714285714285714,7.285714285714286
2020-01-21,0.0,17.0,9.428571428571429
2020-01-22,0.0,17.428571428571427,9.857142857142858
2020-01-23,0.0,17.857142857142858,10.142857142857142
2020-01-24,0.0,17.428571428571427,10.428571428571429
2020-01-25,0.0,15.285714285714286,6.714285714285714
2020-01-26,0.0,13.857142857142858,4.714285714285714
2020-01-27,0.0,10.571428571428571,3.857142857142857
2020-01-28,0.0,10.285714285714286,1.8571428571428572
2020-01-29,0.0,8.428571428571429,2.142857142857143
2020-01-30,0.0,8.428571428571429,1.8571428571428572
2020-01-31,0.0,9.285714285714286,2.857142857142857
2020-02-01,0.0,10.0,2.857142857142857
2020-02-02,0.0,8.714285714285714,3.7142857142857144
2020-02-03,0.0,9.285714285714286,5.714285714285714
2020-02-04,0.0,6.428571428571429,5.571428571428571
2020-02-05,0.0,6.571428571428571,4.714285714285714
2020-02-06,0.0,6.0,4.857142857142857
2020-02-07,0.0,6.142857142857143,3.5714285714285716
2020-02-08,2.857142857142857,5.714285714285714,3.5714285714285716
2020-02-09,11.0,4.857142857142857,2.5714285714285716
2020-02-10,22.571428571428573,4.142857142857143,0.7142857142857143
2020-02-11,33.0,4.428571428571429,0.7142857142857143
2020-02-12,41.42857142857143,4.285714285714286,1.0
2020-02-13,53.0,5.142857142857143,1.2857142857142858
2020-02-14,71.28571428571429,4.0,1.0
2020-02-15,83.85714285714286,3.857142857142857,1.0
2020-02-16,87.0,4.0,1.0
2020-02-17,84.42857142857143,3.7142857142857144,0.8571428571428571
2020-02-18,85.28571428571429,3.7142857142857144,1.0
2020-02-19,88.42857142857143,3.857142857142857,0.7142857142857143
2020-02-20,89.14285714285714,3.142857142857143,0.42857142857142855
2020-02-21,78.14285714285714,3.0,0.5714285714285714
2020-02-22,73.14285714285714,2.5714285714285716,0.42857142857142855
2020-02-23,76.14285714285714,1.8571428571428572,0.42857142857142855
2020-02-24,73.57142857142857,2.142857142857143,0.42857142857142855
2020-02-25,74.71428571428571,1.7142857142857142,0.2857142857142857
2020-02-26,74.0,1.1428571428571428,0.2857142857142857
2020-02-27,75.0,0.8571428571428571,0.14285714285714285
2020-02-28,80.42857142857143,0.5714285714285714,0.14285714285714285
2020-02-29,82.0,0.5714285714285714,0.14285714285714285
2020-03-01,83.42857142857143,0.5714285714285714,0.14285714285714285
2020-03-02,92.0,0.2857142857142857,0.14285714285714285
2020-03-03,99.14285714285714,0.2857142857142857,0.2857142857142857
2020-03-04,102.57142857142857,0.42857142857142855,0.2857142857142857
2020-03-05,106.0,0.5714285714285714,0.2857142857142857
2020-03-06,107.0,0.8571428571428571,0.14285714285714285
2020-03-07,107.85714285714286,0.8571428571428571,0.2857142857142857
2020-03-08,100.14285714285714,1.2857142857142858,0.42857142857142855
2020-03-09,95.14285714285714,1.7142857142857142,0.5714285714285714
2020-03-10,88.28571428571429,1.7142857142857142,0.42857142857142855
2020-03-11,90.14285714285714,1.5714285714285714,0.42857142857142855
2020-03-12,86.85714285714286,1.4285714285714286,0.42857142857142855
2020-03-13,92.57142857142857,1.4285714285714286,0.42857142857142855
2020-03-14,100.0,1.4285714285714286,0.7142857142857143
2020-03-15,117.57142857142857,1.8571428571428572,1.7142857142857142
2020-03-16,127.85714285714286,1.5714285714285714,2.0
2020-03-17,135.71428571428572,1.7142857142857142,2.7142857142857144
2020-03-18,146.0,3.0,4.142857142857143
2020-03-19,149.42857142857142,3.142857142857143,4.285714285714286
2020-03-20,150.57142857142858,2.857142857142857,4.285714285714286
2020-03-21,155.28571428571428,2.857142857142857,4.0
2020-03-22,152.57142857142858,2.5714285714285716,3.2857142857142856
2020-03-23,150.71428571428572,2.857142857142857,3.0
2020-03-24,157.85714285714286,3.0,2.4285714285714284
2020-03-25,153.42857142857142,2.2857142857142856,1.1428571428571428
2020-03-26,159.57142857142858,2.2857142857142856,1.0
2020-03-27,164.0,2.142857142857143,1.1428571428571428
2020-03-28,170.14285714285714,2.5714285714285716,1.8571428571428572
2020-03-29,174.71428571428572,2.2857142857142856,1.5714285714285714
2020-03-30,178.71428571428572,2.0,2.4285714285714284
2020-03-31,179.71428571428572,1.8571428571428572,2.7142857142857144
2020-04-01,195.42857142857142,1.2857142857142858,2.7142857142857144
2020-04-02,201.16666666666666,1.3333333333333333,3.1666666666666665
2020-04-03,206.4,1.6,3.6
2020-04-04,203.5,1.0,3.0
