date,count,frequency
2020-01-01,0.0,0.0
2020-01-02,0.0,0.0
2020-01-03,0.0,0.0
2020-01-04,0.0,0.0
2020-01-05,0.0,0.0
2020-01-06,0.0,0.0
2020-01-07,0.0,0.0
2020-01-08,0.0,0.0
2020-01-09,0.0,0.0
2020-01-10,0.0,0.0
2020-01-11,0.0,0.0
2020-01-12,0.0,0.0
2020-01-13,0.0,0.0
2020-01-14,0.0,0.0
2020-01-15,0.0,0.0
2020-01-16,0.0,0.0
2020-01-17,0.0,0.0
2020-01-18,0.0,0.0
2020-01-19,0.0,0.0
2020-01-20,0.0,0.0
2020-01-21,0.0,0.0
2020-01-22,0.0,0.0
2020-01-23,0.0,0.0
2020-01-24,0.0,0.0
2020-01-25,0.0,0.0
2020-01-26,0.0,0.0
2020-01-27,0.0,0.0
2020-01-28,0.0,0.0
2020-01-29,0.0,0.0
2020-01-30,0.0,0.0
2020-01-31,0.0,0.0
2020-02-01,0.0,0.0
2020-02-02,0.0,0.0
2020-02-03,0.0,0.0
2020-02-04,0.0,0.0
2020-02-05,0.0,0.0
2020-02-06,0.0,0.0
2020-02-07,0.0,0.0
2020-02-08,0.5714285714285714,1.9763724671483245e-05
2020-02-09,1.5714285714285714,5.6160448966164245e-05
2020-02-10,3.2857142857142856,0.00011253659058284659
2020-02-11,6.857142857142857,0.00022877132896131913
2020-02-12,9.428571428571429,0.00031154707566726777
2020-02-13,12.142857142857142,0.00038679549446015376
2020-02-14,14.428571428571429,0.0004507548163312646
2020-02-15,16.0,0.0005046819731498522
2020-02-16,19.285714285714285,0.0006072288146097632
2020-02-17,20.571428571428573,0.0006665086350574796
2020-02-18,20.714285714285715,0.0006764170691793671
2020-02-19,21.857142857142858,0.0007214205200196183
2020-02-20,21.142857142857142,0.0007093892204224107
2020-02-21,20.428571428571427,0.0007114202639576733
2020-02-22,21.142857142857142,0.0007634673069111302
2020-02-23,19.285714285714285,0.0007272247784365803
2020-02-24,20.142857142857142,0.0007686377929217256
2020-02-25,21.142857142857142,0.0008337668123419478
2020-02-26,22.857142857142858,0.0008903194120301451
2020-02-27,23.428571428571427,0.0009368095572833596
2020-02-28,24.714285714285715,0.0009870104426753284
2020-02-29,24.142857142857142,0.0009620402423293277
2020-03-01,26.714285714285715,0.0010706752716615204
2020-03-02,27.0,0.001074531448267704
2020-03-03,27.571428571428573,0.0011087590125626397
2020-03-04,25.428571428571427,0.001044265069500768
2020-03-05,26.857142857142858,0.0010686195404805909
2020-03-06,27.142857142857142,0.0010975077866513959
2020-03-07,29.571428571428573,0.0011754604247597917
2020-03-08,27.571428571428573,0.0010821045374769657
2020-03-09,25.571428571428573,0.0010141490204376787
2020-03-10,22.571428571428573,0.0009034515889686607
2020-03-11,25.571428571428573,0.0010594360300125426
2020-03-12,23.0,0.0009971185406949282
2020-03-13,23.285714285714285,0.0009836035651593293
2020-03-14,23.142857142857142,0.0009773508922090964
2020-03-15,22.714285714285715,0.0009400050362230715
2020-03-16,25.0,0.0010291088050547548
2020-03-17,25.857142857142858,0.0010523205828395805
2020-03-18,24.857142857142858,0.000986490512234563
2020-03-19,26.0,0.0010395365491194864
2020-03-20,24.428571428571427,0.0009860426034861336
2020-03-21,24.714285714285715,0.001031335185789335
2020-03-22,26.571428571428573,0.0011272082928386884
2020-03-23,27.714285714285715,0.0011981401361264878
2020-03-24,28.142857142857142,0.001204554558806022
2020-03-25,27.571428571428573,0.0011466704138987753
2020-03-26,29.857142857142858,0.0011748417375390028
2020-03-27,33.714285714285715,0.001325993581982812
2020-03-28,33.142857142857146,0.0012682973360335665
2020-03-29,31.142857142857142,0.0011840468357639945
2020-03-30,30.0,0.0011134599847168994
2020-03-31,32.0,0.00118086479555438
2020-04-01,34.57142857142857,0.0012609115221367956
2020-04-02,34.666666666666664,0.0012926082347506336
2020-04-03,33.6,0.0012302184933591538
2020-04-04,34.5,0.0012576610718820613
